'102010111022',
'102010111204',
'102010111701',
'111910152559',
'111910152714',
'111910152830',
'111910152931',
'111910153029',
'112014153819',
'112114083037',
'112114084909',
'112114085207',
'112114093144',
'112114095336',
'112114095707',
'11416085439',
'11416085627',
'11416085759',
'11816152839',
'120315125611',
'120315125739',
'120315132219',
'120315132525',
'120315132847',
'120910134911',
'120910135047',
'12611093152',
'12611093439',
'12611093630',
'12611093816',
'31208082617',
'31308161839',
'31308162207',
'31308163236',
'31408075918',
'31408080221',
'31408080348',
'31408090433',
'31408090619',
'31408090852',
'31408091030',
'31408091354',
'31408091806',
'31408112149',
'31408112259',
'31408112431',
'31408135911',
'31408140044',
'31408140342',
'31708075646',
'31708080244',
'31708080829',
'31708081000',
'31708081245',
'31708081452',
'31708081651',
'31708081951',
'31708082109',
'31708082315',
'31708082452',
'31708082851',
'31708083807',
'31708083942',
'31708084116',
'31708084243',
'31708084430',
'31708084815',
'31708085151',
'31708090440',
'31708091022',
'31708091505',
'31708092332',
'31708092532',
'31708092643',
'31708100641',
'31708101523',
'31708101904',
'31708102128',
'31708102244',
'31708102630',
'31708102758',
'31708102919',
'31708103309',
'31708103537',
'31708104042',
'31708104413',
'31708104622',
'31708105530',
'31708105723',
'31708110120',
'31708111318',
'31708111504',
'31708111911',
'31708112127',
'31708112605',
'31708112819',
'31708112959',
'31708134237',
'31708134411',
'31708134528',
'31708134644',
'31708134923',
'31708135128',
'31708135242',
'31708135510',
'31708140036',
'31708140912',
'31708141209',
'31708141335',
'31708141909',
'31708142015',
'31708142536',
'31708142740',
'31708142847',
'31708143106',
'31708143235',
'31708143401',
'31708143541',
'31708143733',
'31708144111',
'31708144357',
'31708144606',
'31708144800',
'31708144901',
'31708145449',
'31708145741',
'31708145938',
'31708150450',
'31708150725',
'31708150855',
'31708151040',
'31708151201',
'31708151340',
'31708151440',
'31708151607',
'31708161850',
'31708164454',
'31808161759',
'31808162455',
'31808163130',
'31808163950',
'32408075225',
'32408081022',
'32408081143',
'32408081557',
'32408081814',
'32408082422',
'32408082551',
'32408082840',
'32408083353',
'32408090408',
'32408092617',
'32408093058',
'32408093451',
'32408093609',
'32408101808',
'32408102127',
'32408102238',
'32408102339',
'32408102643',
'32408102831',
'32408103202',
'32408103721',
'32408105243',
'32408105442',
'32408105600',
'32408105818',
'32408110110',
'32408110324',
'32408125841',
'32408130703',
'32408131334',
'32408131535',
'32408134347',
'32408134812',
'32408135658',
'32408135957',
'32408140323',
'32408140753',
'32408141156',
'32408141613',
'32408141814',
'32408142242',
'32408143018',
'32408144323',
'32408144449',
'32408145800',
'32408145944',
'32408150129',
'32408150434',
'32408150708',
'32408150902',
'32408151242',
'32408151426',
'32408151755',
'32408152052',
'32408152229',
'32408152511',
'32408153151',
'32408153311',
'32408153441',
'32408153826',
'32408155005',
'32408155219',
'32408160320',
'32408160535',
'32408160854',
'32408161107',
'32408161451',
'32408161754',
'32508075648',
'32508080035',
'32508082753',
'32508151635',
'32508151759',
'32508152308',
'32508152423',
'32508160444',
'32508160826',
'32508161025',
'32508162246',
'32508162431',
'32508162547',
'32508163009',
'32508163136',
'32508163247',
'32508163627',
'32508163758',
'32508164003',
'32808162016',
'32808162523',
'32808162729',
'32808162831',
'32808163246',
'32808163428',
'32808163624',
'32808163825',
'33108080808',
'33108081202',
'33108081756',
'33108082655',
'33108133727',
'33108133916',
'33108134453',
'33108134715',
'33108141757',
'33108141935',
'33108142102',
'33108142307',
'33108143046',
'33108143331',
'33108143511',
'33108143755',
'33108144115',
'33108144330',
'33108144621',
'33108144749',
'33108144940',
'33108145314',
'33108145651',
'33108145827',
'33108150205',
'33108150929',
'33108151605',
'33108151725',
'33108152147',
'33108152558',
'33108152828',
'33108153040',
'33108153431',
'33108153706',
'33108153831',
'33108154106',
'33108154508',
'33108154703',
'33108155257',
'33108155525',
'33108160356',
'33108162922',
'33108163219',
'33108163657',
'40108080741',
'40108081038',
'40108081705',
'40108082734',
'40108083341',
'40108083541',
'40108083812',
'40108083957',
'40108084419',
'40108084616',
'40108084724',
'40108084909',
'40108085055',
'40108085256',
'40108085813',
'40108091049',
'40108091536',
'40108091737',
'40108091950',
'40108092209',
'40108092441',
'40108092629',
'40108092846',
'40108093030',
'40108093224',
'40108093431',
'40108100145',
'40108100354',
'40108100502',
'40108100718',
'40108102756',
'40108103121',
'40108103645',
'40108103848',
'40108104138',
'40108104329',
'40108104755',
'40108104954',
'40108105647',
'40108110013',
'40108110412',
'40108110630',
'40108110949',
'40108111137',
'40108111439',
'40108111805',
'40108112057',
'40108112332',
'40108112630',
'40108113130',
'40108113243',
'40108113630',
'40108113923',
'40108114050',
'40108114658',
'40108132436',
'40108133148',
'40108133840',
'40108134058',
'40108134434',
'40108135025',
'40108135314',
'40108135447',
'40108135617',
'40108135757',
'40108140252',
'40108140529',
'40108140639',
'40108140855',
'40108141020',
'40108141424',
'40108141622',
'40108141743',
'40108141904',
'40108142312',
'40108142501',
'40108143016',
'40108143131',
'40108143359',
'40108143549',
'40108143819',
'40108144423',
'40108144711',
'40108154349',
'40108154558',
'40108154814',
'40108155042',
'40108155322',
'40108155526',
'40108155648',
'40108160449',
'40108160702',
'40108160856',
'40108161038',
'40108161205',
'40108161446',
'40108161540',
'40108161849',
'40108162107',
'40108162301',
'40108162455',
'40108162615',
'40108162932',
'40108163152',
'40108163533',
'40108163715',
'40108163908',
'40208110850',
'40408093425',
'42408102354',
'52108084706',
'61311150501',
'61311150700',
'70411163209',
'70411163430',
'70710091135',
'70710091320',
'70710161549',
'70809090517',
'70809090843',
'70809091205',
'70809091913',
'71212114021',
'71212114134',
'71212125103',
'71212125213',
'71816132551',
'72412135422',
'72412135621',
'72412140310',
'72412140559',
'80111155323',
'80208150448',
'80208222023',
'81214162828',
'81214163227',
'81214163549',
'81214164045',
'81417155641',
'81814162539',
'82311105510',
'82311105616',
'82311105714',
'82312135012',
'82609092149',
'82609093934',
'82609095810',
'82609100921',
'91109152136',
'91109153114',
'91109153410',
'91109155940',
'91409125559',
'92619133714',
'92619145555',
'92904024738',
'92904025238',
'92904025559',
'92904025850',
'92904030328',
'92904030605',
'92904044748',
'92904051316',
'92904051553',
'93010110710',
